{"cameraMode":{"drawMode":0,"name":"Shaded","section":"Shading Mode"},"sceneLighting":true,"audioPlay":false,"sceneViewState":{"m_AlwaysRefresh":false,"showFog":true,"showSkybox":true,"showFlares":true,"showImageEffects":true,"showParticleSystems":true,"showVisualEffectGraphs":true,"m_FxEnabled":true},"in2DMode":false,"pivot":{"x":558.7852783203125,"y":194.10902404785157,"z":175.4175567626953},"rotation":{"x":0.30529919266700747,"y":-0.23437024652957917,"z":0.08010678738355637,"w":0.9188645482063294},"size":73.69303894042969,"orthographic":false}